text,author_is_TW
"He stood there in the middle of the bustling city street, surrounded by towering skyscrapers and honking taxis, and he couldn't help but feel the weight of time bearing down upon him. It had been years since he had last set foot in this place, but as he looked around at the frenzied energy of the city, it was as though nothing had changed. The same frenetic pace, the same neon lights, the same constant hum of activity that had always defined this place. But for him, it was different. He was different. He had come back, hoping to find some sense of belonging, some connection to his past. But as he stood there, he realized that he had been gone too long. He was a stranger in his own hometown, an outsider in a world that he had once known so well. And so, with a heavy heart, he turned and walked away, knowing that he could never truly go home again.",0
"The night was as dark as the bottom of a well, and the moonless sky was littered with stars that seemed to twinkle with a kind of eerie brilliance. The air was thick with the scent of pine and damp earth, and the distant sound of crickets was the only sign of life in the silent forest. He walked through the woods, his footsteps crunching softly on the fallen leaves beneath his feet, his mind lost in a swirl of conflicting emotions. For years he had roamed the world, seeking to find some sense of purpose, some meaning to his existence. But now, as he wandered aimlessly through the wilderness, he realized that he was more lost than ever before. He was a man without a home, a wanderer without a destination. And as he gazed up at the infinite expanse of the night sky, he couldn't help but feel a sense of despair creeping into his soul. For he knew that, no matter how far he traveled or how much he accomplished, he would always be haunted by a sense of longing that could never be fulfilled.",0
"Writing is like trying to capture the essence of a fleeting dream, an elusive butterfly that flits just out of reach. It is a struggle to put into words the emotions and sensations that course through the human heart, to express the inexpressible and articulate the ineffable. The act of writing is both a joy and a torment, a source of endless frustration and boundless inspiration. It requires an unflinching honesty, a willingness to expose the most vulnerable parts of oneself to the world. But it also demands a kind of courage, a steadfast determination to chase after the muse, even when she seems to have flown far beyond the horizon. For those who dare to embark on this journey, the rewards are great, but the challenges are even greater. Yet, despite the difficulty, the writer persists, driven by a passion that cannot be quenched, a fire that burns deep within the soul.",0
"North Carolina is a land of deep mystery and ancient magic, a place where the echoes of the past mingle with the whispers of the present. It is a state of boundless beauty, where the rolling hills of the Piedmont give way to the rugged peaks of the Appalachians, and the pristine beaches of the Outer Banks stretch out into the endless expanse of the Atlantic. It is a place where the rhythms of life are slow and steady, and the traditions of the old ways still hold sway. From the bustling streets of Charlotte to the quiet hamlets of the Blue Ridge Mountains, North Carolina is a land of contradictions, where the modern and the ancient exist side by side. It is a place of fierce pride and unwavering loyalty, where the people are as rugged and resilient as the land itself. To know North Carolina is to understand the soul of the South, and to feel the beating heart of a land that will forever be ingrained in the fabric of the American spirit.",0
"He stood alone in the crowded train station, a solitary figure in a sea of people rushing to and fro. His eyes scanned the crowd anxiously, searching for a familiar face among the throngs of strangers. It had been years since he had last set foot in this place, but as he looked around at the hustle and bustle of the station, he felt a sense of nostalgia wash over him. Memories of long-forgotten times and faces flooded his mind, threatening to overwhelm him. And yet, amidst the chaos, he felt a sense of purpose stirring within him, a fire that had been smoldering deep within his soul for far too long. He knew that he had come back to this place for a reason, that he had a mission to fulfill. And so, with a steely determination, he shouldered his bag and plunged headlong into the throngs of people, ready to face whatever lay ahead.",0
"She awoke to the sound of horns blaring and the distant hum of traffic outside her window, the cacophony of the city assaulting her senses like a tidal wave. For a moment, she lay there in bed, the world spinning around her, unsure of where she was or how she had gotten there. And then, slowly, the memories of the night before came flooding back to her, like a dam bursting open. She had come to New York City seeking adventure, seeking a taste of the life that she had always dreamed of. But now, as she looked around at the dingy apartment and the crowded city streets, she couldn't help but feel a sense of overwhelming despair. What had she been thinking? What madness had possessed her to leave everything she knew behind in pursuit of something so elusive? And yet, amidst the doubt and confusion, she felt a spark of something deep within her, a glimmer of hope that refused to be extinguished. She had come to New York to find herself, and she knew that, no matter how hard the road ahead may be, she would not rest until she had accomplished her goal.",0
"The sun rose slowly over the distant hills, casting a soft golden light over the quiet countryside. The air was still, save for the occasional rustling of leaves in the gentle breeze, and the only sound that could be heard was the steady thrumming of a lone cicada somewhere in the distance. As the morning mist began to lift, revealing the rolling hills and verdant valleys that stretched out as far as the eye could see, a feeling of quiet contentment settled over the land. It was a moment of perfect stillness, a moment when the world seemed to hold its breath, waiting for something magical to happen. And then, as if in answer to an unspoken prayer, a bird began to sing, its sweet melody soaring up into the sky like a beacon of hope. In that moment, it seemed as if all of nature was singing with joy, a symphony of life and beauty that filled the heart with wonder and awe. It was a moment that would stay with her forever, a moment of perfect peace and harmony that transcended time and space.",0
"She awoke to the sounds of the city, the steady thrumming of traffic and the distant wail of a siren echoing through the canyons of the buildings. The air was thick with the scent of exhaust and the bustle of a million lives colliding, each one with its own story to tell. As she lay there, staring up at the ceiling, she felt a sense of awe wash over her. This was New York City, the city of dreams and broken promises, a place where anything was possible, and yet nothing was guaranteed. She had come here seeking something, some intangible spark that she had yet to define, but now, as she looked around at the world outside her window, she couldn't help but feel a sense of trepidation. The city was a living, breathing organism, a beast that consumed the weak and the unprepared with a single breath. But she was determined, determined to make her mark on this city, to carve out her own piece of the American dream, no matter the cost. And so, with a deep breath, she rose from her bed, ready to face whatever lay ahead, and stepped out into the chaos of the city.",0
"The young boy watched in awe as his father hewed away at the block of granite with his hammer and chisel, each strike ringing out like a thunderclap across the valley. His father was a stonecutter, a master of his craft, and the boy had grown up watching him work, mesmerized by the way he could transform a simple slab of stone into a work of art. As he watched, the boy could feel the raw power of his father's hands, the way they moved with a fluid grace, each movement deliberate and precise. And yet, for all his strength, there was a gentleness to his father's touch, a reverence for the stone that spoke of a deep and abiding respect for the materials he worked with. As the boy watched, he knew that he wanted to be like his father, to be able to shape the world around him with his own two hands. And though he knew that the road ahead would be hard, he also knew that, with his father's guidance, he could become a master stonecutter in his own right, a craftsman who could shape the world in his own image.",0
"The boy sat on the stoop of his father's workshop, his mind lost in thought as he watched the sun dip below the horizon, casting a warm golden light over the world. His father had just finished another long day of work, and the sound of his tools falling silent marked the end of another chapter in the boy's life. His father had always been a man of few words, his hands doing the talking instead, but the boy could sense a deep sadness in his father's eyes as he walked towards him. As they sat there together, watching the world go by, the boy felt a sense of kinship with his father, a connection that went beyond mere blood ties. For his father was a man of the earth, a man whose hands were calloused and rough, but whose heart was pure and true. And as the boy sat there, feeling the weight of his father's gaze upon him, he knew that he too would become a man of the earth, a man who would follow in his father's footsteps and build a life with his own two hands. It was a daunting prospect, but one that filled him with a sense of pride and purpose, a sense that he was a part of something greater than himself, something that would endure long after he was gone.",0
